{
  "project_info": {
    "project_number": "994953750946",
    "project_id": "codigo-estrada-quiz",
    "storage_bucket": "codigo-estrada-quiz.firebasestorage.app"
  },
  "client": [
    {
      "client_info": {
        "mobilesdk_app_id": "1:994953750946:android:aba674e0e91400ce9e2afb",
        "android_client_info": {
          "package_name": "com.teste.quiz"
        }
      },
      "oauth_client": [],
      "api_key": [
        {
          "current_key": "AIzaSyDwLbOWG9yCa5NQZMKHYnxCMYCrW7yx0D4"
        }
      ],
      "services": {
        "appinvite_service": {
          "other_platform_oauth_client": []
        }
      }
    }
  ],
  "configuration_version": "1"
}